{"cameraMode":{"drawMode":0,"name":"Shaded","section":"Shading Mode"},"sceneLighting":false,"audioPlay":false,"sceneViewState":{"showFog":true,"showMaterialUpdate":false,"showSkybox":false,"showFlares":true,"showImageEffects":true,"showParticleSystems":true},"in2DMode":false,"pivot":{"x":0.9246664047241211,"y":1.3493307828903199,"z":151.14588928222657},"rotation":{"x":-0.03525453433394432,"y":0.628261148929596,"z":-0.028441395610570909,"w":-0.7767413854598999},"size":4.5,"orthographic":false}