{"cameraMode":{"drawMode":0,"name":"Shaded","section":"Shading Mode"},"sceneLighting":false,"audioPlay":false,"sceneViewState":{"showFog":true,"showMaterialUpdate":false,"showSkybox":false,"showFlares":true,"showImageEffects":true,"showParticleSystems":true},"in2DMode":false,"pivot":{"x":-0.0813906192779541,"y":-3.4704856872558595,"z":14.015274047851563},"rotation":{"x":-0.25226137042045596,"y":0.047017186880111697,"z":-0.012255864217877388,"w":-0.9664927124977112},"size":10.0,"orthographic":false}