{"cameraMode":{"drawMode":0,"name":"Shaded","section":"Shading Mode"},"sceneLighting":false,"audioPlay":false,"sceneViewState":{"showFog":true,"showMaterialUpdate":false,"showSkybox":false,"showFlares":true,"showImageEffects":true,"showParticleSystems":true},"in2DMode":false,"pivot":{"x":14.658496856689454,"y":2.5148568153381349,"z":-1.2788410186767579},"rotation":{"x":0.008891303092241288,"y":0.9866153001785278,"z":-0.15246134996414185,"w":0.05811888352036476},"size":10.0,"orthographic":false}