{"cameraMode":{"drawMode":0,"name":"Shaded","section":"Shading Mode"},"sceneLighting":false,"audioPlay":false,"sceneViewState":{"showFog":true,"showMaterialUpdate":false,"showSkybox":false,"showFlares":true,"showImageEffects":true,"showParticleSystems":true},"in2DMode":false,"pivot":{"x":-1.3546043634414673,"y":2.0220367908477785,"z":-8.076127052307129},"rotation":{"x":-0.041863810271024707,"y":0.7485674023628235,"z":-0.04744191840291023,"w":-0.6601157188415527},"size":2.1134870052337648,"orthographic":false}