{"cameraMode":{"drawMode":0,"name":"Shaded","section":"Shading Mode"},"sceneLighting":true,"audioPlay":false,"sceneViewState":{"m_AlwaysRefresh":false,"showFog":true,"showSkybox":true,"showFlares":true,"showImageEffects":true,"showParticleSystems":true,"showVisualEffectGraphs":true,"m_FxEnabled":true},"in2DMode":false,"pivot":{"x":-3.9848268032073976,"y":0.8656518459320068,"z":2.335203170776367},"rotation":{"x":0.01830511912703514,"y":-0.02100202813744545,"z":0.00038298286381177604,"w":0.9995972514152527},"size":0.8660253882408142,"orthographic":false}